{
    "Artifacts": {
        "precision": 0.625,
        "recall": 0.38461538461538464,
        "f1": 0.4761904761904762,
        "count": 13
    },
    "Count": {
        "precision": 0.2,
        "recall": 0.2857142857142857,
        "f1": 0.23529411764705882,
        "count": 7
    },
    "Day": {
        "precision": 0.0,
        "recall": 0.0,
        "f1": 0.0,
        "count": 2
    },
    "Entertainment": {
        "precision": 0.8181818181818182,
        "recall": 0.6923076923076923,
        "f1": 0.7500000000000001,
        "count": 17
    },
    "Facilities": {
        "precision": 0.5,
        "recall": 1.0,
        "f1": 0.6666666666666666,
        "count": 2
    },
    "Location": {
        "precision": 0.7916666666666666,
        "recall": 0.76,
        "f1": 0.7755102040816326,
        "count": 27
    },
    "Materials": {
        "precision": 0.6363636363636364,
        "recall": 0.4375,
        "f1": 0.5185185185185185,
        "count": 16
    },
    "Money": {
        "precision": 0.5,
        "recall": 0.5,
        "f1": 0.5,
        "count": 5
    },
    "Organisms": {
        "precision": 0.5,
        "recall": 0.45454545454545453,
        "f1": 0.47619047619047616,
        "count": 11
    },
    "Organization": {
        "precision": 1.0,
        "recall": 1.0,
        "f1": 1.0,
        "count": 3
    },
    "Period": {
        "precision": 0.5,
        "recall": 1.0,
        "f1": 0.6666666666666666,
        "count": 4
    },
    "Person": {
        "precision": 0.7375,
        "recall": 0.8939393939393939,
        "f1": 0.8082191780821918,
        "count": 81
    }
}