{
    "Artifacts": {
        "precision": 0.3333333333333333,
        "recall": 0.23076923076923078,
        "f1": 0.27272727272727276,
        "count": 13
    },
    "Count": {
        "precision": 0.18181818181818182,
        "recall": 0.2857142857142857,
        "f1": 0.2222222222222222,
        "count": 7
    },
    "Day": {
        "precision": 0.0,
        "recall": 0.0,
        "f1": 0.0,
        "count": 2
    },
    "Entertainment": {
        "precision": 0.7272727272727273,
        "recall": 0.6153846153846154,
        "f1": 0.6666666666666667,
        "count": 17
    },
    "Facilities": {
        "precision": 0.0,
        "recall": 0.0,
        "f1": 0.0,
        "count": 2
    },
    "Location": {
        "precision": 0.45161290322580644,
        "recall": 0.56,
        "f1": 0.5,
        "count": 27
    },
    "Materials": {
        "precision": 0.6153846153846154,
        "recall": 0.5,
        "f1": 0.5517241379310345,
        "count": 16
    },
    "Money": {
        "precision": 0.6666666666666666,
        "recall": 1.0,
        "f1": 0.8,
        "count": 5
    },
    "Organisms": {
        "precision": 0.4444444444444444,
        "recall": 0.36363636363636365,
        "f1": 0.39999999999999997,
        "count": 11
    },
    "Organization": {
        "precision": 0.6666666666666666,
        "recall": 1.0,
        "f1": 0.8,
        "count": 3
    },
    "Period": {
        "precision": 0.25,
        "recall": 0.5,
        "f1": 0.3333333333333333,
        "count": 4
    },
    "Person": {
        "precision": 0.7297297297297297,
        "recall": 0.8181818181818182,
        "f1": 0.7714285714285715,
        "count": 81
    }
}