{
    "Artifacts": {
        "precision": 0.5,
        "recall": 0.2,
        "f1": 0.28571428571428575,
        "count": 6
    },
    "Entertainment": {
        "precision": 0.0,
        "recall": 0.0,
        "f1": 0.0,
        "count": 3
    },
    "Location": {
        "precision": 0.75,
        "recall": 0.6,
        "f1": 0.6666666666666665,
        "count": 5
    },
    "Materials": {
        "precision": 0.5,
        "recall": 0.3333333333333333,
        "f1": 0.4,
        "count": 3
    },
    "Organisms": {
        "precision": 0.8714285714285714,
        "recall": 0.8970588235294118,
        "f1": 0.8840579710144928,
        "count": 68
    },
    "Person": {
        "precision": 0.75,
        "recall": 0.8181818181818182,
        "f1": 0.7826086956521738,
        "count": 23
    },
    "Plants": {
        "precision": 0.0,
        "recall": 0.0,
        "f1": 0.0,
        "count": 3
    }
}