{
    "Artifacts": {
        "precision": 0.25,
        "recall": 0.2,
        "f1": 0.22222222222222224,
        "count": 6
    },
    "Entertainment": {
        "precision": 1.0,
        "recall": 0.3333333333333333,
        "f1": 0.5,
        "count": 3
    },
    "Location": {
        "precision": 0.8,
        "recall": 0.8,
        "f1": 0.8000000000000002,
        "count": 5
    },
    "Materials": {
        "precision": 0.0,
        "recall": 0.0,
        "f1": 0.0,
        "count": 3
    },
    "Organisms": {
        "precision": 0.7945205479452054,
        "recall": 0.8529411764705882,
        "f1": 0.8226950354609929,
        "count": 68
    },
    "Person": {
        "precision": 0.8695652173913043,
        "recall": 0.9090909090909091,
        "f1": 0.888888888888889,
        "count": 23
    },
    "Plants": {
        "precision": 1.0,
        "recall": 1.0,
        "f1": 1.0,
        "count": 3
    }
}