{
    "Artifacts": {
        "precision": 0.6666666666666666,
        "recall": 0.3076923076923077,
        "f1": 0.42105263157894735,
        "count": 13
    },
    "Count": {
        "precision": 0.375,
        "recall": 0.42857142857142855,
        "f1": 0.39999999999999997,
        "count": 7
    },
    "Day": {
        "precision": 0.5,
        "recall": 0.5,
        "f1": 0.5,
        "count": 2
    },
    "Entertainment": {
        "precision": 0.6153846153846154,
        "recall": 0.6153846153846154,
        "f1": 0.6153846153846154,
        "count": 17
    },
    "Facilities": {
        "precision": 0.5,
        "recall": 1.0,
        "f1": 0.6666666666666666,
        "count": 2
    },
    "Location": {
        "precision": 0.6923076923076923,
        "recall": 0.72,
        "f1": 0.7058823529411765,
        "count": 27
    },
    "Materials": {
        "precision": 0.5714285714285714,
        "recall": 0.75,
        "f1": 0.6486486486486486,
        "count": 16
    },
    "Money": {
        "precision": 1.0,
        "recall": 1.0,
        "f1": 1.0,
        "count": 5
    },
    "Organisms": {
        "precision": 0.7,
        "recall": 0.6363636363636364,
        "f1": 0.6666666666666666,
        "count": 11
    },
    "Organization": {
        "precision": 1.0,
        "recall": 1.0,
        "f1": 1.0,
        "count": 3
    },
    "Period": {
        "precision": 0.5,
        "recall": 1.0,
        "f1": 0.6666666666666666,
        "count": 4
    },
    "Person": {
        "precision": 0.8194444444444444,
        "recall": 0.8939393939393939,
        "f1": 0.855072463768116,
        "count": 81
    }
}