{
    "Artifacts": {
        "precision": 0.0,
        "recall": 0.0,
        "f1": 0.0,
        "count": 1
    },
    "Organisms": {
        "precision": 0.7727272727272727,
        "recall": 0.85,
        "f1": 0.8095238095238095,
        "count": 20
    },
    "Person": {
        "precision": 1.0,
        "recall": 0.5,
        "f1": 0.6666666666666666,
        "count": 4
    }
}