{
    "Artifacts": {
        "precision": 0.0,
        "recall": 0.0,
        "f1": 0.0,
        "count": 7
    },
    "Location": {
        "precision": 0.0,
        "recall": 0.0,
        "f1": 0.0,
        "count": 1
    },
    "Materials": {
        "precision": 0.8888888888888888,
        "recall": 0.8,
        "f1": 0.8421052631578948,
        "count": 10
    },
    "Organisms": {
        "precision": 0.7912087912087912,
        "recall": 0.8674698795180723,
        "f1": 0.8275862068965518,
        "count": 83
    },
    "Period": {
        "precision": 0.5,
        "recall": 1.0,
        "f1": 0.6666666666666666,
        "count": 2
    },
    "Person": {
        "precision": 0.8571428571428571,
        "recall": 0.6,
        "f1": 0.7058823529411764,
        "count": 30
    }
}