{
    "Artifacts": {
        "precision": 0.0,
        "recall": 0.0,
        "f1": 0.0,
        "count": 7
    },
    "Location": {
        "precision": 0.0,
        "recall": 0.0,
        "f1": 0.0,
        "count": 1
    },
    "Materials": {
        "precision": 0.8,
        "recall": 0.8,
        "f1": 0.8000000000000002,
        "count": 10
    },
    "Organisms": {
        "precision": 0.7684210526315789,
        "recall": 0.8795180722891566,
        "f1": 0.8202247191011235,
        "count": 83
    },
    "Period": {
        "precision": 1.0,
        "recall": 1.0,
        "f1": 1.0,
        "count": 2
    },
    "Person": {
        "precision": 0.8214285714285714,
        "recall": 0.7666666666666667,
        "f1": 0.793103448275862,
        "count": 30
    }
}