{
    "Artifacts": {
        "precision": 0.625,
        "recall": 0.35714285714285715,
        "f1": 0.45454545454545453,
        "count": 14
    },
    "Count": {
        "precision": 0.75,
        "recall": 0.6,
        "f1": 0.6666666666666665,
        "count": 5
    },
    "Day": {
        "precision": 0.6,
        "recall": 1.0,
        "f1": 0.7499999999999999,
        "count": 3
    },
    "Entertainment": {
        "precision": 0.8571428571428571,
        "recall": 0.75,
        "f1": 0.7999999999999999,
        "count": 8
    },
    "Location": {
        "precision": 0.5862068965517241,
        "recall": 0.8095238095238095,
        "f1": 0.68,
        "count": 53
    },
    "Materials": {
        "precision": 0.6511627906976745,
        "recall": 0.7777777777777778,
        "f1": 0.7088607594936709,
        "count": 36
    },
    "Money": {
        "precision": 0.7142857142857143,
        "recall": 1.0,
        "f1": 0.8333333333333333,
        "count": 10
    },
    "Organisms": {
        "precision": 0.7777777777777778,
        "recall": 0.8944444444444445,
        "f1": 0.8320413436692508,
        "count": 181
    },
    "Period": {
        "precision": 1.0,
        "recall": 0.6666666666666666,
        "f1": 0.8,
        "count": 5
    },
    "Person": {
        "precision": 0.7784090909090909,
        "recall": 0.7965116279069767,
        "f1": 0.7873563218390806,
        "count": 178
    },
    "Plants": {
        "precision": 0.5,
        "recall": 0.07142857142857142,
        "f1": 0.125,
        "count": 14
    },
    "Year": {
        "precision": 1.0,
        "recall": 1.0,
        "f1": 1.0,
        "count": 1
    }
}