{
    "Artifacts": {
        "precision": 1.0,
        "recall": 0.2,
        "f1": 0.33333333333333337,
        "count": 6
    },
    "Entertainment": {
        "precision": 1.0,
        "recall": 0.3333333333333333,
        "f1": 0.5,
        "count": 3
    },
    "Location": {
        "precision": 0.42857142857142855,
        "recall": 0.6,
        "f1": 0.5,
        "count": 5
    },
    "Materials": {
        "precision": 1.0,
        "recall": 0.3333333333333333,
        "f1": 0.5,
        "count": 3
    },
    "Organisms": {
        "precision": 0.8636363636363636,
        "recall": 0.8382352941176471,
        "f1": 0.8507462686567164,
        "count": 68
    },
    "Person": {
        "precision": 0.68,
        "recall": 0.7727272727272727,
        "f1": 0.7234042553191491,
        "count": 23
    },
    "Plants": {
        "precision": 0.0,
        "recall": 0.0,
        "f1": 0.0,
        "count": 3
    }
}