{
    "Artifacts": {
        "precision": 0.625,
        "recall": 0.35714285714285715,
        "f1": 0.45454545454545453,
        "count": 14
    },
    "Count": {
        "precision": 0.75,
        "recall": 0.6,
        "f1": 0.6666666666666665,
        "count": 5
    },
    "Day": {
        "precision": 1.0,
        "recall": 1.0,
        "f1": 1.0,
        "count": 3
    },
    "Entertainment": {
        "precision": 0.7142857142857143,
        "recall": 0.625,
        "f1": 0.6666666666666666,
        "count": 8
    },
    "Facilities": {
        "precision": 0.0,
        "recall": 0.0,
        "f1": 0.0,
        "count": 0
    },
    "Location": {
        "precision": 0.5964912280701754,
        "recall": 0.7906976744186046,
        "f1": 0.6799999999999999,
        "count": 54
    },
    "Materials": {
        "precision": 0.6888888888888889,
        "recall": 0.8611111111111112,
        "f1": 0.7654320987654321,
        "count": 36
    },
    "Money": {
        "precision": 0.7142857142857143,
        "recall": 1.0,
        "f1": 0.8333333333333333,
        "count": 10
    },
    "Organisms": {
        "precision": 0.8121827411167513,
        "recall": 0.8888888888888888,
        "f1": 0.8488063660477453,
        "count": 181
    },
    "Period": {
        "precision": 0.6666666666666666,
        "recall": 0.6666666666666666,
        "f1": 0.6666666666666666,
        "count": 5
    },
    "Person": {
        "precision": 0.8092485549132948,
        "recall": 0.8187134502923976,
        "f1": 0.813953488372093,
        "count": 177
    },
    "Plants": {
        "precision": 0.5,
        "recall": 0.07142857142857142,
        "f1": 0.125,
        "count": 14
    },
    "Year": {
        "precision": 1.0,
        "recall": 1.0,
        "f1": 1.0,
        "count": 1
    }
}