{
    "Artifacts": {
        "precision": 0.6470588235294118,
        "recall": 0.8461538461538461,
        "f1": 0.7333333333333334,
        "count": 13
    },
    "Count": {
        "precision": 0.2,
        "recall": 0.2857142857142857,
        "f1": 0.23529411764705882,
        "count": 7
    },
    "Day": {
        "precision": 0.0,
        "recall": 0.0,
        "f1": 0.0,
        "count": 2
    },
    "Entertainment": {
        "precision": 0.8,
        "recall": 0.9230769230769231,
        "f1": 0.8571428571428571,
        "count": 17
    },
    "Facilities": {
        "precision": 1.0,
        "recall": 1.0,
        "f1": 1.0,
        "count": 2
    },
    "Location": {
        "precision": 0.72,
        "recall": 0.72,
        "f1": 0.72,
        "count": 27
    },
    "Materials": {
        "precision": 0.8125,
        "recall": 0.8125,
        "f1": 0.8125,
        "count": 16
    },
    "Money": {
        "precision": 0.5,
        "recall": 1.0,
        "f1": 0.6666666666666666,
        "count": 5
    },
    "Organisms": {
        "precision": 0.7777777777777778,
        "recall": 0.6363636363636364,
        "f1": 0.7000000000000001,
        "count": 11
    },
    "Organization": {
        "precision": 1.0,
        "recall": 1.0,
        "f1": 1.0,
        "count": 3
    },
    "Period": {
        "precision": 0.5,
        "recall": 1.0,
        "f1": 0.6666666666666666,
        "count": 4
    },
    "Person": {
        "precision": 0.8493150684931506,
        "recall": 0.9393939393939394,
        "f1": 0.8920863309352518,
        "count": 81
    }
}