{
    "Artifacts": {
        "precision": 0.7777777777777778,
        "recall": 0.5,
        "f1": 0.6086956521739131,
        "count": 14
    },
    "Count": {
        "precision": 1.0,
        "recall": 0.2,
        "f1": 0.33333333333333337,
        "count": 5
    },
    "Day": {
        "precision": 0.6,
        "recall": 1.0,
        "f1": 0.7499999999999999,
        "count": 3
    },
    "Entertainment": {
        "precision": 1.0,
        "recall": 0.875,
        "f1": 0.9333333333333333,
        "count": 8
    },
    "Facilities": {
        "precision": 0.0,
        "recall": 0.0,
        "f1": 0.0,
        "count": 0
    },
    "Location": {
        "precision": 0.5862068965517241,
        "recall": 0.7555555555555555,
        "f1": 0.6601941747572815,
        "count": 56
    },
    "Materials": {
        "precision": 0.6111111111111112,
        "recall": 0.9166666666666666,
        "f1": 0.7333333333333334,
        "count": 36
    },
    "Money": {
        "precision": 0.8333333333333334,
        "recall": 1.0,
        "f1": 0.9090909090909091,
        "count": 10
    },
    "Organisms": {
        "precision": 0.8307692307692308,
        "recall": 0.9,
        "f1": 0.8640000000000001,
        "count": 181
    },
    "Period": {
        "precision": 1.0,
        "recall": 0.6666666666666666,
        "f1": 0.8,
        "count": 5
    },
    "Person": {
        "precision": 0.7891891891891892,
        "recall": 0.8488372093023255,
        "f1": 0.8179271708683473,
        "count": 178
    },
    "Plants": {
        "precision": 0.6666666666666666,
        "recall": 0.14285714285714285,
        "f1": 0.23529411764705882,
        "count": 14
    },
    "Year": {
        "precision": 1.0,
        "recall": 1.0,
        "f1": 1.0,
        "count": 1
    }
}