{
    "Artifacts": {
        "precision": 0.625,
        "recall": 0.38461538461538464,
        "f1": 0.4761904761904762,
        "count": 13
    },
    "Count": {
        "precision": 0.2222222222222222,
        "recall": 0.2857142857142857,
        "f1": 0.25,
        "count": 7
    },
    "Day": {
        "precision": 0.0,
        "recall": 0.0,
        "f1": 0.0,
        "count": 2
    },
    "Entertainment": {
        "precision": 0.5833333333333334,
        "recall": 0.5384615384615384,
        "f1": 0.5599999999999999,
        "count": 17
    },
    "Facilities": {
        "precision": 1.0,
        "recall": 1.0,
        "f1": 1.0,
        "count": 2
    },
    "Location": {
        "precision": 0.6,
        "recall": 0.72,
        "f1": 0.6545454545454547,
        "count": 27
    },
    "Materials": {
        "precision": 0.6666666666666666,
        "recall": 0.625,
        "f1": 0.6451612903225806,
        "count": 16
    },
    "Money": {
        "precision": 0.4,
        "recall": 1.0,
        "f1": 0.5714285714285715,
        "count": 5
    },
    "Organisms": {
        "precision": 0.46153846153846156,
        "recall": 0.5454545454545454,
        "f1": 0.4999999999999999,
        "count": 11
    },
    "Organization": {
        "precision": 1.0,
        "recall": 1.0,
        "f1": 1.0,
        "count": 3
    },
    "Period": {
        "precision": 0.0,
        "recall": 0.0,
        "f1": 0.0,
        "count": 4
    },
    "Person": {
        "precision": 0.8169014084507042,
        "recall": 0.8787878787878788,
        "f1": 0.8467153284671534,
        "count": 81
    }
}