{
    "Artifacts": {
        "precision": 1.0,
        "recall": 1.0,
        "f1": 1.0,
        "count": 1
    },
    "Organisms": {
        "precision": 0.8095238095238095,
        "recall": 0.85,
        "f1": 0.8292682926829269,
        "count": 20
    },
    "Person": {
        "precision": 0.75,
        "recall": 0.75,
        "f1": 0.75,
        "count": 4
    }
}