{
    "Artifacts": {
        "precision": 0.6666666666666666,
        "recall": 0.6153846153846154,
        "f1": 0.64,
        "count": 13
    },
    "Count": {
        "precision": 0.25,
        "recall": 0.2857142857142857,
        "f1": 0.26666666666666666,
        "count": 7
    },
    "Day": {
        "precision": 1.0,
        "recall": 0.5,
        "f1": 0.6666666666666666,
        "count": 2
    },
    "Entertainment": {
        "precision": 0.6111111111111112,
        "recall": 0.8461538461538461,
        "f1": 0.7096774193548387,
        "count": 17
    },
    "Facilities": {
        "precision": 0.0,
        "recall": 0.0,
        "f1": 0.0,
        "count": 2
    },
    "Location": {
        "precision": 0.6666666666666666,
        "recall": 0.72,
        "f1": 0.6923076923076923,
        "count": 27
    },
    "Materials": {
        "precision": 0.6428571428571429,
        "recall": 0.5625,
        "f1": 0.6000000000000001,
        "count": 16
    },
    "Money": {
        "precision": 0.5,
        "recall": 1.0,
        "f1": 0.6666666666666666,
        "count": 5
    },
    "Organisms": {
        "precision": 0.6666666666666666,
        "recall": 0.36363636363636365,
        "f1": 0.4705882352941177,
        "count": 11
    },
    "Organization": {
        "precision": 1.0,
        "recall": 1.0,
        "f1": 1.0,
        "count": 3
    },
    "Period": {
        "precision": 0.25,
        "recall": 1.0,
        "f1": 0.4,
        "count": 4
    },
    "Person": {
        "precision": 0.7631578947368421,
        "recall": 0.8787878787878788,
        "f1": 0.8169014084507042,
        "count": 81
    },
    "Quantity": {
        "precision": 0.0,
        "recall": 0.0,
        "f1": 0.0,
        "count": 0
    }
}