{
    "Artifacts": {
        "precision": 0.0,
        "recall": 0.0,
        "f1": 0.0,
        "count": 7
    },
    "Count": {
        "precision": 0.0,
        "recall": 0.0,
        "f1": 0.0,
        "count": 0
    },
    "Location": {
        "precision": 0.0,
        "recall": 0.0,
        "f1": 0.0,
        "count": 1
    },
    "Materials": {
        "precision": 0.6,
        "recall": 0.6,
        "f1": 0.6,
        "count": 10
    },
    "Organisms": {
        "precision": 0.8064516129032258,
        "recall": 0.9036144578313253,
        "f1": 0.8522727272727273,
        "count": 83
    },
    "Period": {
        "precision": 0.5,
        "recall": 1.0,
        "f1": 0.6666666666666666,
        "count": 2
    },
    "Person": {
        "precision": 0.8620689655172413,
        "recall": 0.8333333333333334,
        "f1": 0.847457627118644,
        "count": 30
    }
}